{"cameraMode":{"drawMode":0,"name":"Shaded","section":"Shading Mode"},"sceneLighting":true,"audioPlay":false,"sceneViewState":{"m_AlwaysRefresh":false,"showFog":true,"showSkybox":true,"showFlares":true,"showImageEffects":true,"showParticleSystems":true,"showVisualEffectGraphs":true,"m_FxEnabled":true},"in2DMode":false,"pivot":{"x":-0.5351139307022095,"y":0.841463029384613,"z":4.9241743087768559},"rotation":{"x":0.1769530475139618,"y":0.3088642656803131,"z":-0.05860001593828201,"w":0.9326631426811218},"size":0.8660253882408142,"orthographic":false}